{
  "destaque": "6",
  "eventos": {
    "0": {
      "titulo": "The newsprint produces.",
      "subtitulo": "The coonskin ranks mastication.",
      "imagem": "https://picsum.photos/id/230/550/240",
      "data": "12/12/2023 06:24 AM",
      "descritivo": "cluster tank sculpture insure sorrow reject cheese latter juggle obtainable turret tube little factor mousse galoshes counsel say scold last goldfish mirror announcement antennae current shopping favorite humdrum infinite graffiti overcoat champagne layer descendant median empire reporting junket latitude late starter row softening feed darkness repository warm-up bullet outrigger independence vitro accelerate jungle talented member gallon aide plumber instant sign gator cofactor filthy touch load courageous limestone similarity cardboard liar cannon mouser toque eagle yeast trench warrior daily shingle proof colonization croup shin laboratory interpretation thong meek doggie centurion curio claw fibrosis trafficker beautiful gateway wealth lock dash programme earmuffs",
      "categoria": "tech"
    },
    "1": {
      "titulo": "The card claims.",
      "subtitulo": "The week lends simple.",
      "imagem": "https://picsum.photos/id/2/550/240",
      "data": "15/03/2024 03:11 AM",
      "descritivo": "assembly tweet tinkle fall investigate abundant doctrine distinct spec tip associate innovate fulfillment collaboration category ziggurat carry coliseum runaway arrow behave discretion conceive heirloom style testimonial stack provide deposit artist doctor wholesaler incidence spotless chinchilla vegetarian jiffy sleeping obesity borrowing earplug direful fascinated pinkie penguin charger comics integrity online lock omelet poker passing chrysalis dizzy grey silo wall choice wait commander load mean burning need brushfire church turn step-grandfather explorer abnormality menorah percent cirrus bucket cattle proximal thickness shopper cofactor watcher liability outside area stereotyped hacksaw nondisclosure spirituality ketch postfix miscarriage workplace codpiece badger step-daughter gaffe tuna uttermost ensure hysterical",
      "categoria": "lazer"
    },
    "2": {
      "titulo": "The mystery meddles.",
      "subtitulo": "The cascade sings tablet.",
      "imagem": "https://picsum.photos/id/477/550/240",
      "data": "23/12/2023 06:05 PM",
      "descritivo": "affect grenade micronutrient chronograph morale pig feedback miscreant police gorilla council timetable bat beggar evil muffin sand dromedary gaffer harmonica tiara path source bridge digestion spawn talk committee enjoy antibody inside hatbox drawbridge crooked bank footage chop duffel grandmother breathe habitual pea cloakroom limitation pawnshop volleyball lewd erect turret console opera scraper artichoke usual yoyo quit exchange hacienda catamaran waistband murky refund operating patch overcoat define fail libido mousse integrity forum wasteful endurable stepson amazement rocket receipt deserve imprisonment pledge cuddly cookie cargo redhead zany peach pinecone devil slit understatement grass validity fruit comedy carabao arrival overshoot gas retouching meteor",
      "categoria": "tech"
    },
    "3": {
      "titulo": "The beak tutors.",
      "subtitulo": "The subscription alerts shorts.",
      "imagem": "https://picsum.photos/id/544/550/240",
      "data": "17/02/2024 11:44 PM",
      "descritivo": "daughter recording wriggle cost annoying consistency purple easel aggradation beanie tablet toffee arrogance buffet idiotic effectiveness garden semicircle location grease small porthole overshoot calm plucky guinea neuropathologist chronicle makeup tread mailbox sidecar mighty hornet agreeable appraise fearless enhance pumped detailed anagram join shoreline led vol black dramaturge jute nervous corporation cooing laugh container stink warmth vacation avenue coyote restroom promote sofa tramp toreador pumpernickel toast ripple grandmother thought suffer choose writer hungry mileage disengagement beheading fetus miscommunication halloween pad pillar harvest carrot till bed satisfy deal alien foxglove handful windscreen gather linguistics trial thoughtful postbox hatchet insulation angstrom sphynx lecture",
      "categoria": "arte"
    },
    "4": {
      "titulo": "The teammate kepts.",
      "subtitulo": "The abuse overhears larch.",
      "imagem": "https://picsum.photos/id/40/550/240",
      "data": "31/03/2024 03:46 PM",
      "descritivo": "magnificent bunghole likelihood ambiguous tribe assess utility norm category terrarium beauty flesh bloomer alder majority barrier place forestry yurt dish staff creationism nucleotidase campus republic decoder bridge woebegone stadium calculator quarrelsome magnet window sticky cuticle boss aim thanks trip parable convertible doorknob generate growth carnival charming frock kilt information thunderbolt store hazel commonsense sassy pepper structure snug refectory slink brandy meal music-making typical housewife jump pocket-watch race sprinter whiskey adobe inexpensive numerous nit vein manor dig gas statistics understood dioxide revenue flatboat ranger prison satellite shrug lose caper hometown bread ship lysine reliability flip-flops corner aide fighter simplification annoy octagon",
      "categoria": "cultura"
    },
    "5": {
      "titulo": "The carrier transports.",
      "subtitulo": "The tactile turns greed.",
      "imagem": "https://picsum.photos/id/362/550/240",
      "data": "04/02/2024 03:39 AM",
      "descritivo": "beginning inconvenience insect consumption training operate colonialism entertainment goofy rent okra termite capricious shift recall different burrow air alleged pawnshop physics electrocardiogram belt teach conifer teapot wharf microlending revenge editing fiesta yourself snowman sample textbook queen cupcake goodbye making nucleotidase oxygen walker lipstick inclusion whiskey apple spec testimony disillusioned sequel cyst used freezer circumstance cable ladybug convection airplane mark baby brick season tenuous entrance verve right daffy ring solid browser promotion login celery cacao hoe mill fire poker racer business enterprise parser abbreviation buzz thing groovy sun gnat mustache objective thrive spur technician inch leap continent authority picture skylight millisecond",
      "categoria": "tech"
    },
    "6": {
      "titulo": "The driveway creeps.",
      "subtitulo": "The disengagement foregos wampum.",
      "imagem": "https://picsum.photos/id/650/550/240",
      "data": "23/04/2024 06:18 PM",
      "descritivo": "body sir vote battalion babushka grip effacement chip sardine line bewildered ratio leptocephalus dog integrity acoustics fellow gazebo summary trousers bath guest round velvet eggplant comparison timber eyelashes prior pantry facility guilty speaker hydroxyl cook mall step-daughter descent valuable terrorism resource judicious history population permit appetite foray walkway spider leopard generator choice mess beauty rehospitalisation hospitalization cute marker newsletter direful bootie jumbled spouse molecule income nebulous plumber fill juvenile doctrine dining obi party planula stinger census polyester strudel result insurrection genre evaluation warm-up grubby yin forearm visit patent recommend vine spiderling alpha doubter ritual idiot pigeon heterosexual venti ceramic understand",
      "categoria": "cultura"
    },
    "7": {
      "titulo": "The dusk impresses.",
      "subtitulo": "The periodical throws derby.",
      "imagem": "https://picsum.photos/id/2/550/240",
      "data": "09/04/2024 12:22 PM",
      "descritivo": "tunnel dark chard leopard reamer fishery obi diam icy kielbasa formamide daikon topsail potential waveform quiche dissemination trash macaroon spill metallurgist leap distance juicy apology breed handrail cornet operate cot setback tempt coffee yawl trailpatrol imbalance stingy patrol ceramic logistics club campaigning measure thorn disclaimer statin terrorist cummerbund rectangle distribution nasal harvest dioxide reservoir bribery soot helmet bin proud percent gigantic elicit maybe proportion gig relieved famous correspondence toe havoc bill balloonist shy makeup cashew harbour sincere cookbook composite vet dibble dickey sandwich piece analogy clover restaurant doctorate liquid step-mother astrologer bouquet overflight little airship octet drawing regulation sculpting nothing",
      "categoria": "palestras"
    },
    "8": {
      "titulo": "The airbus ascertains.",
      "subtitulo": "The workplace skips reluctance.",
      "imagem": "https://picsum.photos/id/402/550/240",
      "data": "11/04/2024 02:11 PM",
      "descritivo": "pastoralist nosy bird-watcher nursery withdraw holder snug slaw top dioxide ice-cream townhouse campus fondue home jazzy maniac garment brave steal criticism talking appendix noxious antelope gnat limit sardine canvas heir calico sleuth helpful horrible workhorse ferryboat job manufacture successful dwell off-ramp save symbol gazelle honeybee scout corruption swan pen enforcement appetizer grain month pit culture monger mousse grate appear capital urn niche sassy cynic chromolithograph heaven morphology chutney pinkie provision certificate reporting scholarship CD lamentable bump wit following solve clam tickle collapse vinyl cadet subsection willow sprag infusion ethernet transform explode frog altitude replacement spruce console footprint overflight peer jeans",
      "categoria": "palestras"
    },
    "9": {
      "titulo": "The success spoils.",
      "subtitulo": "The pump counsels clone.",
      "imagem": "https://picsum.photos/id/373/550/240",
      "data": "07/02/2024 04:46 AM",
      "descritivo": "prizefight intuition boolean own dipstick noisy colonisation budget hectare census galley polarization stranger gallery hypothermia costume liquidity objective catamaran freezer phone accent lark deduce geometry null march acoustics tussle shareholder rail hardcover pencil metric vegetation curse reconcile epoxy bladder rubric detention induce resume jaw copying preface cleat belfry sail offbeat visor desire raven derby blind crop accompanist purchase parsley roller choker swallow refusal loggia award sharp belly tenuous tissue copy ignore immigration defendant account handgun enter math honoree fast unadvised drip ramen approach satin minibus fax orientation ethics pat linguist investment fleck consult vet replacement marksman measles annoyed review enjoyment",
      "categoria": "tech"
    },
    "10": {
      "titulo": "The anarchy pops.",
      "subtitulo": "The wasabi tugs recipient.",
      "imagem": "https://picsum.photos/id/872/550/240",
      "data": "12/04/2024 01:33 PM",
      "descritivo": "parole picture octave bugle panpipe trap furry thyme boxer invention grace razor tourism cutting available curry element week youthful dearest cupola interviewer handball squeegee bag disparity oleo transformation speculation proof-reader soul hermit matter tonality reject quality patent pulley finer decisive detour queue negotiate asterisk bronco mandarin tandem injure waiter wage fork ban grassland mow mandate caution achiever bloomer shoe spell humor rally enemy causeway continuity anyone sleeping corporation overload vitality zephyr relieved manage prestige successful variation optimist east lapdog comma airman soothsay ski lanai doe cornet classify sweet advocacy recommendation hyphenation awareness unarmed meteorology academics equation coconut heavenly submitter exam",
      "categoria": "cultura"
    },
    "11": {
      "titulo": "The premise hates.",
      "subtitulo": "The tights photographs shipyard.",
      "imagem": "https://picsum.photos/id/828/550/240",
      "data": "25/12/2023 06:12 PM",
      "descritivo": "consent want period spouse bonus software spyglass consult adviser pizza hubris postfix theme catamaran spot litigation subsidy seemly furniture notion adobe kinase apparel inversion vase lab indigence intellect temptation barium band machinery veterinarian whiskey democrat tuber possessive shanty extract thoughtless negotiation operate stroke infiltration catalysis rubric old-fashioned banking leek rebel woolens woodland fairy buckle beastie fiery grate introduce sherry aberrant mainland fine container originate abuse astrakhan blazer woebegone relationship swallow dynamo classroom loaf parable department salute shawl kidney understood political railing tan deadline key behavior kindness folder underpants wit skunk hiring cantaloupe porpoise felony creator preference beet baritone almanac sneeze",
      "categoria": "lazer"
    },
    "12": {
      "titulo": "The front bruises.",
      "subtitulo": "The dessert installs rationale.",
      "imagem": "https://picsum.photos/id/745/550/240",
      "data": "07/01/2024 01:17 AM",
      "descritivo": "orchestra brassiere trout bother offset turret exaggeration nightclub wide-eyed ordinary proposition nylon commandment repository trace legislator vendor proximity cauliflower fingerling gymnast magazine quiche diaper lottery concerned justification pate dial other shave chapel embarrass highway appoint infiltration tawdry strange grapefruit office undesirable deficit weary wallet guest hiking colorful great undergo cookie carbon reset ticket rainmaker scarf fly tofu psychologist tank enchanting stopsign political ravioli album correlate actress shiny barrel rabbi suburb materialistic step-father utilization fashion system hydrolysis policy overjoyed dandelion hockey sponge give likelihood president finer defendant publishing driving minute charlatan twins mechanism brash embarrassed weird homicide analogy convenience proof-reader save",
      "categoria": "tech"
    },
    "13": {
      "titulo": "The oar stretches.",
      "subtitulo": "The nudge sprays speaker.",
      "imagem": "https://picsum.photos/id/445/550/240",
      "data": "18/03/2024 09:32 AM",
      "descritivo": "residue royal fool gum worshiper ugly mourn amused few maniac caper journal bankbook popcorn turnstile flippant possible medication chow suet divert audited wharf prick ruckus counsel garrulous canon cleaner habitual duster coonskin old origin alert netsuke presentation exhibit mindless delicious standoff lopsided ash promenade suffer panties champion wrap modernity gazelle icicle publishing sitar discount take lazy trellis hexagon adaptation comestible shirtdress solidity historian cherry mankind hiking nanoparticle woodland training presence freelance messy particular slate marked roller spokesman stitcher gauntlet ripe carnation monitor spill lyrics fridge tranquil luck donor fabric pun vine baritone splendid second driveway rally fishery wall diary mouton",
      "categoria": "arte"
    },
    "14": {
      "titulo": "The peasant discovers.",
      "subtitulo": "The cork designs liver.",
      "imagem": "https://picsum.photos/id/775/550/240",
      "data": "23/12/2023 06:13 AM",
      "descritivo": "couch uppity mantel goddess lumberman critic awake prepare lathe commander put starter thermostat clutch prayer veteran movement woodchuck spiderling collapse crawdad premium bobcat fresco loading dash heater pattypan sundae emergence barber clarinet trend chicory squeamish dragon outrage region geek rocket content deduce reparation fling crown spaghetti halting antigen sentencing sole complex conga average banjo be hovercraft polyp loss pet criticism makeover lick nickel rough minister synthesis ceramics moonlight condominium accurate crystal oar labour cooperation billion uplift observation shallot forte amazon lending debris hose louse hurdler warning burning honoree remain med prescription elm ramen cultured behave octagon infection hierarchy vanadyl heritage",
      "categoria": "cultura"
    },
    "15": {
      "titulo": "The neonate cracks.",
      "subtitulo": "The creator trots membrane.",
      "imagem": "https://picsum.photos/id/709/550/240",
      "data": "25/04/2024 12:55 AM",
      "descritivo": "gearshift news fall dew truth blackbird discretion grey vice direful caftan milkshake wine mineshaft lighten ethernet clap giant timer bootie silicon partner globe intend petal trolley pitching honeybee doubt hanger mukluk collectivisation sitar git roof resale fighter holder ecclesia participate supplement clipboard kneejerk deadpan eavesdropper operator technology show-stopper obsidian cytokine outfit tennis volume chaise timetable optimal dishwasher icon accordance disco chaplain info dock accelerator dust storm geography temperature mouse nobody anybody panties sill prohibition maintainer security epic climb unable freedom good-bye cement response beg maintain wagon proximal monopoly mallet join deliver spending deduce worthless metro canvas porcupine watchful cannibal upset lunchroom",
      "categoria": "palestras"
    },
    "16": {
      "titulo": "The pronoun compiles.",
      "subtitulo": "The ale settles skylight.",
      "imagem": "https://picsum.photos/id/780/550/240",
      "data": "18/02/2024 04:26 PM",
      "descritivo": "catalyst tenor stormy mansion topic singing correct follow minion handsaw gemsbok curved cardboard heroine posterior serval elver papa solicitation tall brushfire soak enthusiastic trite vest anybody speak use glorious fanatical passing band applewood comfort table horst conservative excellent glen anticipate heritage gaming stadium chiffonier intervention randomization wood disposal romance consult normalisation peer-to-peer drunk leader paste inhabitant intellect monk preside overload muddled rhythm cymbal planning mining toad probe jungle testy allegation shrug rotten priest nuke effort developmental physics carboxyl cooperative drama storey scheme wording patrol traffic shaggy networking forte cast cacao cello schoolhouse intercourse estuary work parched analogy sail establishment distributor",
      "categoria": "cultura"
    },
    "17": {
      "titulo": "The vitamin hurries.",
      "subtitulo": "The sleet understands redesign.",
      "imagem": "https://picsum.photos/id/244/550/240",
      "data": "03/04/2024 03:55 PM",
      "descritivo": "milk decay spiritual astrologer lethal rage permission obsidian marionberry stew diner disparity keep entertainment slip receipt flip-flops expansionism diamond fame photograph gaudy woebegone development cage proceedings safari giraffe guttural annoyed waterbed softball playroom parking heater plot fraudster relaxation doorbell diplomacy going select creek high-rise insulation underclothes harvest snobbish synod hippodrome locality census prosecutor sight pup encourage poignance questionnaire pagoda aircraft retirement bottom sprout panties amused tangy fellow commodity lout record wheat elite realization thirst metaphor tricky dad crime patina planning tumble farming assumption toaster peanut mastoid occasion armrest accuracy reminder dime macaroni disclaimer ham bootee erection cytoplasm coevolution alb decongestant",
      "categoria": "arte"
    },
    "18": {
      "titulo": "The onion conceptualizes.",
      "subtitulo": "The checkbook perfects anarchy.",
      "imagem": "https://picsum.photos/id/971/550/240",
      "data": "04/12/2023 02:10 PM",
      "descritivo": "exercise stepdaughter wee resemblance evolution glossy conservative improvement playwright seaside lasagna growth macrame grouper nutritious sociology music-box botany jerk prick violation afraid titanium statin objective prison moron import graft checkout behold age realign sword shrill clearance verbalize moonlight kendo collection waist sanction monitoring spell revolver eyeball porcelain medication polliwog lawsuit stink cameo obscene camper population vanish meadow garbage equable communicant risk headphones gamma-ray gigantic attention experiment hippodrome solution odyssey grasp iridescence sucker circadian marxism gnu testy leading muskrat hammer enthusiastic handle luck rest catalysis brown vernacular enjoyment appear kite normal plot bustle follow scatter catalyst boyhood sleepiness brake carload yurt",
      "categoria": "palestras"
    },
    "19": {
      "titulo": "The cruelty constructs.",
      "subtitulo": "The linguist transcribes spume.",
      "imagem": "https://picsum.photos/id/252/550/240",
      "data": "08/12/2023 06:43 PM",
      "descritivo": "literate setting sunlight coach fatigue great-grandmother blowhole overview drip pinto reaction fascinated clear album swimsuit morbid bewildered chorus spiral mother lipid swallow adjoining hut passenger med laboratory arm-rest neighborly compose ligula dizzy departure vibe cantaloupe crawdad comptroller feed terror forbid mighty mastication forego appreciation accidental standpoint battleship elongation heavenly thrive undress decisive chalk society registration cacao ficlet watch dredger t-shirt politics patentee waggish tired snow tough-guy spyglass vessel grasshopper hover eating recommendation exocrine dialect practitioner pajamas blackboard kit dive depression motor applaud classification sailboat department bird trigonometry kumquat loft collector hydraulics mat analyze fasten lime tributary value licorice bonding deer",
      "categoria": "cultura"
    },
    "20": {
      "titulo": "The monkey sins.",
      "subtitulo": "The jodhpurs steers vibraphone.",
      "imagem": "https://picsum.photos/id/842/550/240",
      "data": "29/12/2023 02:55 AM",
      "descritivo": "hear situation accessory certificate doctrine boxspring community miscreant loan military pannier clone regime humanity cheese surgeon monk explode nonstop faded biplane tag molding freon zen spark creep utilization lawsuit tender nurture barber tadpole commandment loose grade anarchy nitrogen velocity violation ranch crepe garage climate ecumenist enterprise beastie passive overcoat flowery psychiatrist symbol comment bathhouse proprietor outhouse organisation translate editorial gene diving majestic generate stance mouth cap tense asphalt developmental ridge vibrissae destroy reflective fine household tested limit lamentable outlook sunbeam wagon stop unsuitable last matter chicken vitro singer integral lackadaisical term layer quartz letter celery music-making theism ceiling facelift grandmom",
      "categoria": "arte"
    },
    "21": {
      "titulo": "The inclusion backs.",
      "subtitulo": "The patrolling organizes fork.",
      "imagem": "https://picsum.photos/id/947/550/240",
      "data": "11/04/2024 11:50 PM",
      "descritivo": "quantity extract detail toothpick delight watercress crawdad ethnicity egghead coevolution championship cappelletti discrimination bored embryo light percent bloodflow integrate tracking sabre registry scope grey arbitrate advent disarm shoat cot polo thorn needless poor manufacturing dredger arrive direct package eggplant vivacious monument pod pronunciation bite eyelashes name gelatin suicide lipstick revise navigate blue-eyed handful rawhide deep underwire banker soybean magnet rheumatism conversion music-making page dollar restriction rescue shipper inventor waveform read analyze goddess pence availability screenwriting almanac perception clear economic canvas lighten nappy carport own lard plantation handover ecumenist tattoo agenda cornflakes rating aluminum vibraphone sac spot workhorse kill nurse tractor",
      "categoria": "tech"
    },
    "22": {
      "titulo": "The display glows.",
      "subtitulo": "The continent whistles papa.",
      "imagem": "https://picsum.photos/id/134/550/240",
      "data": "03/04/2024 10:19 PM",
      "descritivo": "privilege overweight loan tow-truck enlist frustration drawing daddy craw gram toe mouton be grand exclamation milk melodic security manufacture logic tournament rugby governance spell pasta election joy vascular worship rage enrollment chime arrogant curd bench speaker subdued treaty wakeful ark goodwill decryption ram imagination jealousy intentionality minister molar ideal cassock probability scientific giant valuable noxious anything cabana jet handsaw cornet decongestant publisher toenail loquat gorgeous transportation testimonial summarize obtain therapist escalator chem indication give hardening float abolishment chauffeur finger ruckus queen wombat towel amazon roast surge saloon ruffle reciprocity slippers understand value tune-up pleat crime joey incident culvert pumpkin dazzling",
      "categoria": "palestras"
    },
    "23": {
      "titulo": "The encouragement examines.",
      "subtitulo": "The date decorates scissors.",
      "imagem": "https://picsum.photos/id/635/550/240",
      "data": "16/12/2023 10:18 PM",
      "descritivo": "rice democrat steward hellcat decline jobless riding beggar trout gigantic catch herbs ego invincible alias step-brother daily somber ginger wall ramen affiliate mist frosting anything cheek rubber knowledge appropriation lazy stamen yurt bog rich knowing hurricane brand foresee dishwasher alcoholic greenhouse led excitement furnace marshland pumpkin vinegar tepee jar dull revival modeling inauguration alder cage version essence plowman creativity calculus lad pipeline wit attach jam pew authorisation autoimmunity incision dandelion murky eyebrows hanger exit pheasant tacit composition filing edition grey jaw greed angstrom bonnet belief sour farming atelier strawberry arrogant teenager desktop durian title neck path lay half-brother allowance octavo",
      "categoria": "tech"
    },
    "24": {
      "titulo": "The browser troubles.",
      "subtitulo": "The zebra cracks glockenspiel.",
      "imagem": "https://picsum.photos/id/658/550/240",
      "data": "18/12/2023 09:32 PM",
      "descritivo": "soul devise heater document explain secretion replication elfin pull definition guilty develop peer-to-peer underwire puma performance self-confidence formal decline porter case industry left brocolli lizard breeze anklet matchmaker define new priority obedient racism bog acupuncture lever mezzanine workbench facility address amendment hyphenation used hypochondria pharmacopoeia digestion subsidiary attic greedy genius communicate stud greatness discovery bed vegetable windscreen excerpt retrospectivity axiomatic outfit running discrimination laborer paragraph coral slipper seat latter operation bomber cameo liquor volunteer industrious quick eyelid brass jewellery broad homogenate phrasing provide commercial ascertain difficult ball fennel cleavage feed collectivization stripe body pompom wee lackadaisical soothe analogy deathwatch read",
      "categoria": "palestras"
    },
    "25": {
      "titulo": "The tunnel sips.",
      "subtitulo": "The nondisclosure winds epee.",
      "imagem": "https://picsum.photos/id/982/550/240",
      "data": "31/12/2023 10:20 PM",
      "descritivo": "disclosure falling-out trouble gamma-ray borrow giraffe fight contingency ecliptic spud partridge arrangement kazoo taboo complicity margin ravioli apprehension evidence macrame university squeeze ridge economy conformation elver hurdler postfix energetic vitamin methodology vodka accessory anyone pollution ship crop parka edge dough represent durian capitulation toga guide punch see dandelion battle nightingale chef outside guy index bandanna officer wok bandolier understatement sunflower cope filly dumbwaiter waterwheel liner relieved halt timeout controller thrive clay sprinkles confused media divorce composition pancake peel remark welfare cheddar adverb notoriety digging rubric singular albatross registry tournament consulting formation mambo shield crawdad supplement curl metric premeditation ocean materialistic",
      "categoria": "arte"
    },
    "26": {
      "titulo": "The hake commands.",
      "subtitulo": "The applause pricks gazelle.",
      "imagem": "https://picsum.photos/id/555/550/240",
      "data": "18/03/2024 08:03 AM",
      "descritivo": "launch placebo vase supermarket hundred meander mouser shipyard patience remain latex quizzical analog adopt spear thank disregard voter someplace strike declaration mushroom champion godmother caffeine plate illustration cheesecake colonisation headquarters mortgage realize habit chrysalis motivate puritan clergyman untidy clover configuration alpaca blossom technology hubris mango tumble justification chemistry drapes beyond knit vicinity hoe litmus child overload reluctance retention jeep memorial pulse sailing output fascinated hissing descendant eyeliner wrist enquiry newsstand lip holiday railroad devise fee encyclopedia tray pocket unusual list domination joyous jug rethinking compliance steel kneejerk lunchmeat walnut tomatillo locust forbid reach spin unable brisket addition computer bran science",
      "categoria": "palestras"
    },
    "27": {
      "titulo": "The opium offers.",
      "subtitulo": "The resolution welcomes likelihood.",
      "imagem": "https://picsum.photos/id/37/550/240",
      "data": "09/04/2024 04:15 PM",
      "descritivo": "consignment knowing condition clergyman complication special robust play elegant attack wood ranger zoot-suit sorghum gaffer boar fly speakerphone pomegranate tawdry dryer attenuation popcorn excited cobbler gather warming significance mastication transform ladybug equality tense belly wedge eicosanoid brushing assistance dromedary decency cannibal innate instructor grid vessel content shoehorn vegetarianism paradise pad urgency nestling penguin bakery mini embarrassed tape creator object fee boyfriend disco include unaccountable fundraising cartoon enforcement seabass oafish fund admission span decide exercise reindeer stopwatch modify mussel drawing appreciate anybody aftershave pouch cyst fibrosis paramecium sunbeam pacemaker summarize felony break heir voracious regard context vibraphone booster sphere fall undershirt",
      "categoria": "arte"
    },
    "28": {
      "titulo": "The garment balances.",
      "subtitulo": "The spill coaches vibration.",
      "imagem": "https://picsum.photos/id/370/550/240",
      "data": "25/02/2024 12:42 AM",
      "descritivo": "desktop idiom breeze clipper hypothesize suburb naming wombat costume police solidarity heal ninja beanie gigantism advantage physics haversack dancing sunroom anxious light exaggeration severity clearing decline dispute pyridine breakfast muddled treaty enjoy endoderm gherkin exclamation summarize frown puzzled stockings puncture beggar resist planter monsoon degree exotic misfit herb recovery monkey bibliography aboard aromatic dirt validate furry comeback thief eyrie accident partnership grind place maintainer CD injustice curl portrait drawer crystal heating honoree heartwood lively storage cling axiomatic salary alb avoid chaos digestion widget chem pseudocode sense cylinder sport voting spooky medal lye backdrop shirt dough continue tights ability muddle beset",
      "categoria": "cultura"
    },
    "29": {
      "titulo": "The receipt rids.",
      "subtitulo": "The essence announces warlord.",
      "imagem": "https://picsum.photos/id/157/550/240",
      "data": "05/12/2023 10:59 PM",
      "descritivo": "deduce millstone household insomnia opium anesthesiologist melodic retirement geography nothing beheading push geometry bronco bathe arena stormy solidarity expansionism freight switching language welcome brochure coleslaw decide attach beset millennium raspy cleat envy date makeshift democracy coil rocker charter viability revelation meteor widow arrogant departure locust succotash part tavern exterior sponsor injure suede nestling following flippant peanut oil functional pocket-watch mushy peacoat submitter outstanding stitcher prose theft exploration back snowflake encouraging surroundings wine enigma implementation talent opossum troubleshoot inexpensive ambiguity inspector interview piece swivel fiction convention keyboarding lesbian x-ray heel mind ashamed astrology right riverbed scribble gaming drown verve acquaintance term",
      "categoria": "palestras"
    },
    "30": {
      "titulo": "The porch feels.",
      "subtitulo": "The insolence pours kimono.",
      "imagem": "https://picsum.photos/id/717/550/240",
      "data": "11/12/2023 10:11 PM",
      "descritivo": "separation craftsman eyelashes blackfish unbecoming neglect diary army catcher muskrat preference syndicate sparkle sack assemble cartridge chess fishery knife belligerent stance tutu excursion ladder swine facility edited vanity open ability dresser apparel frenzy rawhide outfielder juicy release wrecker nightlife dictionary bricklaying signify pumpernickel asset boorish singer exposure mink speaker delightful investment destination sorbet coyote codepage doctrine unfasten distributor speak sneaker morsel sermon piety roar grubby clef slit archeology drown shortage hacksaw pseudoscience piglet trailpatrol attendance envy foolish litigation designation office couple faculty character blade come teenager disappointment louse murky self vein laboratory mixer dwelling youthful figurine analyst chance hurdle soup",
      "categoria": "cultura"
    },
    "31": {
      "titulo": "The flick lifteds.",
      "subtitulo": "The artichoke acquires buying.",
      "imagem": "https://picsum.photos/id/355/550/240",
      "data": "29/03/2024 07:44 AM",
      "descritivo": "topsail epee sustainment large tog displacement frustration induce costume disregard highway sea lens reminder cucumber unequaled regulation alto beanstalk igloo expedition subsidiary woodwind walker climate hurt establish corsage advertising date hourglass aide apology creditor lucky trading bread pathway mukluk glossy maelstrom laptop rifle orchestra hoe chemical sow triumph quixotic macadamia distribute confused murder wax trophy tsunami madam twig auspicious thrill trafficker economic diploma type incident roadway vaccine bet son variant jeans interview ball seal chino frock stomach wear doctor bolt colonial debtor baggage conga blink stack brainy pharmacist tom-tom curio password banyan notoriety lackadaisical middle poll pumpernickel variability supplier onset",
      "categoria": "arte"
    },
    "32": {
      "titulo": "The police shrinks.",
      "subtitulo": "The pinafore undertakes dandelion.",
      "imagem": "https://picsum.photos/id/859/550/240",
      "data": "18/04/2024 11:39 AM",
      "descritivo": "enjoy tailspin mythology honorable advocate alibi digestive catalog toaster randomisation applied tramp duckling jam step aim architect minion tickle deck poignance player wraparound conversation checking conserve dust ecology rosemary pagan hearthside carp donkey tenant notebook motor foxglove assess contact lens sculptural sole wise sock volatility teacher needle vibraphone grubby solitaire oats rail founding honeydew fishnet jump space malnutrition cabana reservation pun sideboard bored diesel fortress reset glossy caterpillar dwell scimitar assault lavish interaction somebody debate today hardware groan bunghole push crane opportunity work bower rural basement clamp polliwog enforcement fighter top participate toy congregation incompetent small anticipation midline communion mask recreation",
      "categoria": "palestras"
    },
    "33": {
      "titulo": "The flute troubleshoots.",
      "subtitulo": "The tuition smashes stepson.",
      "imagem": "https://picsum.photos/id/235/550/240",
      "data": "07/01/2024 06:36 AM",
      "descritivo": "train selfish syndrome angina night sea gap gemsbok innocent vintner weave blowgun ruin message density wrathful blue-eyed birdbath zany feather restroom farmland earplug platter ruddy shin dibble tributary achieve inclusion passive winner stepping-stone bass sunbeam sewer suspenders thumb hospitable hovercraft masterpiece wish quit yielding take-out submarine thaw foreigner stare umbrella relation strength school exclamation slot wound thirsty pressurisation eurocentrism pineapple hatbox enzyme curtain optimisation compassionate boxspring cope confront connection bell fluffy throat mycoplasma newspaper commonsense yurt curriculum snakebite unsuitable craw ashram albatross peck priesthood panic rate living canon herring abrasive stable impartial intercourse dresser monastery underclothes niche stretch swift jade",
      "categoria": "lazer"
    },
    "34": {
      "titulo": "The compromise parts.",
      "subtitulo": "The wake undergos puggle.",
      "imagem": "https://picsum.photos/id/449/550/240",
      "data": "19/02/2024 10:26 PM",
      "descritivo": "derrick sight coinsurance file palm withhold charm velvet ludicrous enjoyment bather baobab homogenate spectacle dhow rally alphabet chew hawk curler exocrine hay dial confess chalice counselling story urgency astrakhan bombing burning defiant water wrist spread draconian structure fork lyrics rheumatism originality hugger final asymmetry efficacious craven howard clever prosecutor reflection inlay current forte dash motorboat den dogsled glee school reputation boxer dig commonsense publisher cricketer longboat contest homosexuality tights erection boolean spurious porthole sunglasses beheading trophy device nauseating hare manipulation pass knowledge disillusioned move vampire vest photodiode setback mere cost alarm manhunt abrasive fraction mini-skirt diplomacy plucky breast turmeric monotheism",
      "categoria": "tech"
    },
    "35": {
      "titulo": "The clave cries.",
      "subtitulo": "The golf prefers dollop.",
      "imagem": "https://picsum.photos/id/175/550/240",
      "data": "01/04/2024 05:14 PM",
      "descritivo": "marxism steak distance turf legislature theory revelation chug permissible centre analytics erection electricity affidavit statuesque duration overhear tour balance waggish timing pasture condition formulate suspect spectacular boast octave show-stopper hike beheading seemly momentous transport economy kohlrabi proposition chasuble ATM summary vacation float typewriter swanky liver macrofauna importance windscreen gaping anorak standoff toothpick carbohydrate epithelium narrative roasted forgive wiseguy scallion pigeon peek e-reader youth sunbeam motivate waterspout forget unemployment long floozie laboratory grief gynaecology beam stale joint revenge haircut everybody dolman guilty calcification existence hire pond gram conclude cookbook seal compass waste vanilla ruthless closing rally evening incident story-telling arrow experimentation",
      "categoria": "cultura"
    },
    "36": {
      "titulo": "The autoimmunity remains.",
      "subtitulo": "The airfield cracks drain.",
      "imagem": "https://picsum.photos/id/600/550/240",
      "data": "22/02/2024 01:57 PM",
      "descritivo": "writing route sake gondola merchandise fame wren harp rose venison paramecium movie overexertion pendant property spork snowboarding software tonic madly connection sensitive wend meme bacterium canon drag soothe blueberry armchair snail group cowardly bull rehospitalisation simple hubris spokesman stylus engagement quota underestimate heifer gelding scotch dynasty cooperation sensibility denominator manipulation giraffe stability frail figurine weak quote meteor tool negotiation couch vet cling scholar guacamole macaroni flower dish makeover praised pressurization organic integration attic cornflakes lamentable plain turban render step-son exchange slink locker bonnet first improvise badger signature detection box availability ill case shopper lumber trot memo fireplace mortal extremist amount",
      "categoria": "cultura"
    },
    "37": {
      "titulo": "The formula rubs.",
      "subtitulo": "The orientation speeds aspect.",
      "imagem": "https://picsum.photos/id/21/550/240",
      "data": "06/04/2024 03:11 PM",
      "descritivo": "curly load bag longitude hydrolyse macabre effective repair edition judo long gathering pagan roommate parser rely mast isolation pleasant skylight initiative spot politician breeze instant change translation needless fav ablaze noon investment tabletop wick prey eaves telephone disposition quantity beset beneficiary plant gown eyelids incubation overcome port delight year fundraising paint follow certificate spaghetti insurance watchful eagle talented eel zany sweets melt country hospitalization raspy teenager quail superiority revenge aback instructor collectivisation freelance lightning broken fanlight income publication workplace nurse ephyra seabass glib drip heart divergent waveform indigence homework car operate obi shiny moonscape alpha offence boss volunteer influx valley",
      "categoria": "tech"
    },
    "38": {
      "titulo": "The cymbal moors.",
      "subtitulo": "The discharge sells deviance.",
      "imagem": "https://picsum.photos/id/676/550/240",
      "data": "15/03/2024 10:25 AM",
      "descritivo": "oregano lumberman prosecution chicory diaphragm sty leaker ripple dedication footnote compete ablaze posterior vibrissae robust mother-in-law focus feng working hepatitis tailbud background permit assure bull software discipline cello planet signup maximum chainstay bifocals direful underwire frantic vendor rehabilitate verbalize thunderhead clause maize familiarity exile tense subtract bow remote formulate adrenalin glove octopus sidecar inform snowsuit wring boycott system shirt appendix urn parameter follower abuse elderly creek lord men carving gravity verdant pavilion wingtip hydrocarb read tax verse broken hammock surprise exotic petticoat bibliography partridge cappelletti uncertainty burst picturesque preset withstand tent meal dizzy lemon flagrant grace stereotyped brick cork flower",
      "categoria": "lazer"
    },
    "39": {
      "titulo": "The deviance types.",
      "subtitulo": "The hedge misspells constellation.",
      "imagem": "https://picsum.photos/id/870/550/240",
      "data": "01/12/2023 03:36 PM",
      "descritivo": "viscose wit knot exercise steep airmail machine annoying swear kebab peer-to-peer TV award landing execute product tendency licensing ranch attempt brandy salt psychotic mailer draft timetable cornet brochure digging instrumentation vehicle harp turban share lean creditor press poor geology ectoderm cop-out thrift compete rations mantua charter dawn fellow senate assistant juvenile weave crocus argument curriculum semicolon sky matter speech downstairs savannah victory facelift parameter cheek crabby slimy ad hoc armpit staircase weather disposer chain foundation astronomy clef arrest greenhouse degree excellence debonair periodic scenery happening shine embarrassment miniature complete constant birth induce mercury dandelion gemsbok consolidate price sardine assembly haven nondisclosure",
      "categoria": "arte"
    },
    "40": {
      "titulo": "The harvest bounces.",
      "subtitulo": "The rap studies cruise.",
      "imagem": "https://picsum.photos/id/260/550/240",
      "data": "11/03/2024 02:40 AM",
      "descritivo": "womanly bafflement dahlia forecast repair dimple adjoining wandering compose ear password worthless rheumatism cloak auto avoid wiring shakedown hotel skean realign dough affidavit secretion radar twilight deceive easel editorial gymnastics cold bongo meteor biplane brandy instructor lion paintwork insurgence sill taboo tattoo stepmother die oval tribe cinnamon boiling subgroup glimpse chase agenda posterior wick cracker slice siding algebra carve tickle nickel offence meatball contributor null scrutiny meddle excursion moai descendant typhoon granddaughter creation utility ragged espalier breadcrumb clean oven equity interconnection router enquiry lane empire limb casino buck assistance shear calico civilisation tacit invite counter consent puppet virus army deranged",
      "categoria": "lazer"
    },
    "41": {
      "titulo": "The ideology spends.",
      "subtitulo": "The sovereignty impresses examiner.",
      "imagem": "https://picsum.photos/id/253/550/240",
      "data": "16/02/2024 08:14 PM",
      "descritivo": "choker clap transportation mimosa carve oldie checkbook academics karate barracks deputy midden potty toque movie share handful feast satire tease chick lawn sweater cappelletti sack product tenant halt melodic shadowbox dentist basin fedora donation shot bullet lot daikon rheumatism improve trite bug kindness chastity scallion password doll impress determination commodity messy prey suspend tapioca languid lasagna humour doubling trench vintner caravan willow crush contrail buckwheat pile probability ferryboat waiver hoof way hops conservation astrologer expedite lacking slot legal hummus queue anticipation discovery grubby nucleotidase interject warm-up wry ashram latency visor meter refuge provision psychiatrist airplane sinuosity unlock anthropology hostess gander",
      "categoria": "palestras"
    },
    "42": {
      "titulo": "The tussle rules.",
      "subtitulo": "The book grates sound.",
      "imagem": "https://picsum.photos/id/639/550/240",
      "data": "08/02/2024 12:32 PM",
      "descritivo": "shallow steward walkway finisher nobody gasp eating estuary integrity dispense jumbo champion loutish genetics repository interferometer tunnel framework assorted clone web mother cobbler aluminium torpid corner hectare mind psychotic ice real proximity advantage transition volatile inevitable overhear reservoir start investigator ton napkin construction effacement laugh shore changeable rob thrust velvet composite spite comeback chronograph soldier evening integration overjoyed surgeon platform doubter fog unity dreamer deed mate trip fire songbird painstaking lyrics solitaire overconfident reading abacus lightning closure standardization shirtdress hazelnut clogs rabbit meteorology cousin mycoplasma entirety holiday occurrence necessity melodic emergent vine balloonist jewel opponent fan safe inquisitive initialise pew",
      "categoria": "lazer"
    },
    "43": {
      "titulo": "The maize skis.",
      "subtitulo": "The necktie consists consistency.",
      "imagem": "https://picsum.photos/id/145/550/240",
      "data": "03/03/2024 03:12 PM",
      "descritivo": "kiwi homicide mansion uneven uplift shield bind eardrum jumpy tabletop transcribe pumpkinseed god sabre diagnosis mop catamaran consequence yielding chicory device decoder empty reamer controller paperback refuge lye keeper retrieve nose nostalgic secretion politician drab key placode stealth investment tub dugout document tourism diam vicinity aboard decongestant decimal photograph lightscreen transform allowance trombone mailing mislead carnation ambiguity hippodrome fishnet gang peep grumpy cellar hassock agriculture prevention reply heartwood bad spear steady loyalty astrologer originate engagement fragrance sonar allocation shoes dictator television edger means mantle heart-throb meal sock outlet hate peel tavern spokeswoman relief furry patio reproduce engineer background instrument cow",
      "categoria": "lazer"
    },
    "44": {
      "titulo": "The replica invents.",
      "subtitulo": "The ruby purchases coat.",
      "imagem": "https://picsum.photos/id/754/550/240",
      "data": "14/02/2024 08:16 AM",
      "descritivo": "infusion stair pressure elimination pie athlete callous defeated pest pinworm proximal bedroom intellect sideboard demur hardware classic brain roast undertake disaster cleat directory burlesque inspector income frog tangerine timeline condemned signature thunderhead intensity spooky hunt monotheism suspend candy proceedings meteorology baby refreshments precision comment float protocol territory lark roundabout merit webpage brunch monkey whirlpool sweatsuit login knife chard nobody strobe passport chance wont biopsy giddy baseboard clipper trek citron fingernail pleasure optimist beyond awe threatening tentacle panic quantity escape bribery graduation achieve osmosis salesman inexpensive carnation wry utter pigpen molding justify cue kingfish median playroom sneak bathe heap cricketer visit",
      "categoria": "lazer"
    },
    "45": {
      "titulo": "The jogging cares.",
      "subtitulo": "The inversion cleans ballet.",
      "imagem": "https://picsum.photos/id/994/550/240",
      "data": "02/04/2024 08:34 AM",
      "descritivo": "filing coverage spooky coleslaw diner agriculture ash steadfast sausage format actress diary real square killing cartilage gravy tortoise insectarium wedge contrary lethal chalk yang dwell loving compassionate molasses gopher abuse security icebreaker dessert yard travel settler probability anguish leverage mime mozzarella fair village hospitalisation bicycle elixir fierce mighty praised blazer emphasis whole composer course grate handgun sweat hypochondria petitioner retirement hydrocarb automaton trailer marsh worker horseradish shocking spur immense bleed eatable bulldozer righteous fitness gondola rustic sparkle pearl mirror harvester antique shoe busy beret yew brilliant ceiling cave judo courageous conductor straight brushfire mission subsequent organising jewelry sensitive prickly sphynx",
      "categoria": "lazer"
    },
    "46": {
      "titulo": "The activist heals.",
      "subtitulo": "The male warms alligator.",
      "imagem": "https://picsum.photos/id/821/550/240",
      "data": "13/03/2024 10:19 PM",
      "descritivo": "fifth jogging wobble piccolo alibi teaching limb waiter deafening amazon pita isolation zoot-suit incense accord timetable attic pollution graft decision-making spy elicit liner qualification neurobiologist manacle capacity ballet unlock vertigo chronograph embossing advertisement goggles arcade accelerate diligent cover lifestyle disco hurdle manicure brick gripper insight fate play chemistry jeans businessman scout enchanting cinnamon labour gigantic passing crack poverty earth mallet collection salty fledgling tip pleasure seizure obnoxious real cone ratty sweatsuit adrenaline eel curriculum ratepayer jail terrorist hydrofoil failure liquid slink nail quail anchovy doorbell sake puppet civilization tablecloth bladder liquidity fundraising logic cinder mantle crime instant render lady dynasty",
      "categoria": "lazer"
    },
    "47": {
      "titulo": "The wilderness mines.",
      "subtitulo": "The graphic terrifies update.",
      "imagem": "https://picsum.photos/id/151/550/240",
      "data": "12/12/2023 04:42 PM",
      "descritivo": "toga fortress lawn persuade payee emergency mat bunch stucco emu usher final scheduling nanoparticle sloth tumble spruce battleship chasm ripple brand paw crotch grasshopper pentagon winery amused manage flashy cuddly finer countryside forage canal decorous output scheme mailman want threshold instrumentation respond octavo strobe normalization babushka rivulet siege salon lighting fill ukulele exterior abnormal hard-hat slimy preset bank studio utensil vinyl toy river full man slapstick trend relief dozen fender dealing cupcake standardization buzz huge likelihood value clan curry wildebeest sparkling coevolution tomato knowing pegboard beard outback follow armrest turnover lychee bulldozer fix broom attract visual trim install cutover scary",
      "categoria": "arte"
    },
    "48": {
      "titulo": "The hearthside extracts.",
      "subtitulo": "The goodness catches turf.",
      "imagem": "https://picsum.photos/id/937/550/240",
      "data": "15/02/2024 01:48 AM",
      "descritivo": "real fly period packaging hyphenation adult approve evaluator roadway donut dashing killer likeable progress goal nurture whistle beanie clerk trick bloomer partridge protection wasabi guilt nymph tame hedgehog spawn supreme thongs announcement effort feel statuesque person iris impudence variation orient knit entity mattock rum jar clutch fling fav sorghum outstanding install stucco comprehension guitarist raven exuberant weigh sector dipstick enigma wary premise weekend overview country installation payee accurate climb innovate leprosy instant execute congo cauliflower scallops define diary wiseguy hamster clearing trot closing incubation word instruct disembodiment anyone strong enzyme pick curio bizarre homosexual durian income carve begonia classification powerful",
      "categoria": "tech"
    },
    "49": {
      "titulo": "The tough-guy locates.",
      "subtitulo": "The sponge invites junker.",
      "imagem": "https://picsum.photos/id/972/550/240",
      "data": "13/02/2024 08:35 AM",
      "descritivo": "tumbler queen sculpture invader dishwasher bomb killing sponsorship boycott enhance humour kindhearted format fragile bacon excuse forager stranger sack sitar photography sunset cupcake glow macho muddle frost eleventh chrome successful creme brulee realization infiltration cotton ammunition load rye bag strife tog produce custody banner birch stallion sparkle flap mix opposition gel imagination addition revolution text food gasoline slope driver gelding countryside heal vanish ukulele silky dickey wisdom negligee rage doorknob monotheism scholar boundary memorize dialogue sugar judge furtive toenail coincidence ruffle maker airport diversity cleavage squash output authority mortise replace boogeyman icky lot flicker pheromone attitude chiffonier scope success muskrat hello",
      "categoria": "cultura"
    }
  }
}
